Token	Prediction
It	outside
is	outside
,	outside
however	outside
,	outside
unfortunately	inside
impossible	inside
entirely	outside
to	outside
separate	outside
the	outside
sensational	outside
from	outside
the	outside
criminal	outside
,	outside
and	outside
a	outside
chronicler	outside
is	outside
left	outside
in	outside
the	outside
dilemma	outside
that	outside
he	outside
must	outside
either	outside
sacrifice	outside
details	outside
which	outside
are	outside
essential	outside
to	outside
his	outside
statement	outside
and	outside
so	outside
give	outside
a	outside
false	outside
impression	outside
of	outside
the	outside
problem	outside
,	outside
or	outside
he	outside
must	outside
use	outside
matter	outside
which	outside
chance	outside
,	outside
and	outside
not	outside
choice	inside
,	outside
has	outside
provided	outside
him	outside
with	outside
.	outside
It	outside
is	outside
,	outside
however	outside
,	outside
unfortunately	inside
impossible	inside
entirely	outside
to	outside
separate	outside
the	outside
sensational	outside
from	outside
the	outside
criminal	outside
,	outside
and	outside
a	outside
chronicler	outside
is	outside
left	outside
in	outside
the	outside
dilemma	outside
that	outside
he	outside
must	outside
either	outside
sacrifice	outside
details	outside
which	outside
are	outside
essential	outside
to	outside
his	outside
statement	outside
and	outside
so	outside
give	outside
a	outside
false	outside
impression	outside
of	outside
the	outside
problem	outside
,	outside
or	outside
he	outside
must	outside
use	outside
matter	outside
which	outside
chance	outside
,	outside
and	outside
not	outside
choice	inside
,	outside
has	outside
provided	outside
him	outside
with	outside
.	outside
For	outside
myself	outside
,	outside
my	outside
term	outside
of	outside
service	outside
in	outside
India	outside
had	outside
trained	outside
me	outside
to	outside
stand	outside
heat	outside
better	outside
than	outside
cold	outside
,	outside
and	outside
a	outside
thermometer	outside
at	outside
ninety	outside
was	outside
no	outside
hardship	inside
.	outside
But	outside
the	inside
morning	inside
paper	inside
was	inside
uninteresting	inside
.	outside
A	outside
depleted	outside
bank	outside
account	outside
had	outside
caused	outside
me	outside
to	outside
postpone	outside
my	outside
holiday	outside
,	outside
and	outside
as	outside
to	outside
my	outside
companion	outside
,	outside
neither	outside
the	inside
country	inside
nor	outside
the	outside
sea	outside
presented	outside
the	outside
slightest	outside
attraction	outside
to	outside
him	outside
.	outside
He	outside
loved	outside
to	outside
lie	outside
in	outside
the	outside
very	outside
center	outside
of	outside
five	outside
millions	outside
of	outside
people	outside
,	outside
with	outside
his	outside
filaments	outside
stretching	outside
out	outside
and	outside
running	outside
through	outside
them	outside
,	outside
responsive	inside
to	inside
every	inside
little	inside
rumour	inside
or	inside
suspicion	inside
of	inside
unsolved	inside
crime	inside
.	outside
Appreciation	inside
of	inside
nature	inside
found	inside
no	outside
place	inside
among	inside
his	inside
many	inside
gifts	inside
,	outside
and	outside
his	outside
only	outside
change	outside
was	outside
when	outside
he	outside
turned	outside
his	outside
mind	outside
from	outside
the	outside
evil-doer	outside
of	outside
the	outside
town	outside
to	outside
track	outside
down	outside
his	outside
brother	outside
of	outside
the	outside
country	outside
.	outside
On	outside
my	outside
remarking	outside
that	outside
I	outside
was	outside
constantly	outside
in	outside
the	inside
habit	inside
of	inside
doing	inside
the	inside
same	inside
thing	inside
you	inside
expressed	inside
incredulity	inside
.	outside
''	outside
``	outside
Oh	outside
,	outside
no	outside
!	outside
''	outside
``	outside
Perhaps	outside
not	outside
with	outside
your	outside
tongue	outside
,	outside
my	outside
dear	outside
Watson	outside
,	outside
but	outside
certainly	outside
with	outside
your	outside
eyebrows	outside
.	outside
But	outside
I	inside
was	inside
still	inside
far	inside
from	inside
satisfied	inside
.	outside
``	outside
You	outside
do	outside
yourself	outside
an	inside
injustice	inside
.	outside
Perhaps	outside
you	inside
can	inside
not	outside
yourself	inside
recall	inside
how	inside
your	inside
reverie	inside
commenced	inside
?	outside
''	outside
``	outside
No	outside
,	outside
I	outside
can	outside
not	outside
.	outside
''	outside
``	outside
No	outside
,	outside
I	outside
can	outside
not	outside
.	outside
''	outside
But	outside
it	inside
did	inside
not	outside
lead	inside
very	inside
far	inside
.	outside
Your	outside
eyes	outside
flashed	outside
across	outside
to	outside
the	outside
unframed	outside
portrait	outside
of	outside
Henry	outside
Ward	outside
Beecher	outside
which	outside
stands	outside
upon	outside
the	outside
top	outside
of	outside
your	outside
books	outside
.	outside
I	outside
was	outside
well	outside
aware	outside
that	outside
you	inside
could	inside
not	outside
do	outside
this	outside
without	outside
thinking	inside
of	inside
the	inside
mission	inside
which	inside
he	inside
undertook	inside
on	inside
behalf	inside
of	inside
the	inside
North	inside
at	inside
the	inside
time	inside
of	inside
the	inside
Civil	inside
War	inside
,	outside
for	outside
I	outside
remember	outside
your	outside
expressing	outside
your	outside
passionate	outside
indignation	outside
at	outside
the	outside
way	outside
in	outside
which	outside
he	outside
was	outside
received	outside
by	outside
the	outside
more	outside
turbulent	outside
of	outside
our	outside
people	outside
.	outside
I	outside
was	outside
well	outside
aware	outside
that	outside
you	inside
could	inside
not	outside
do	outside
this	outside
without	outside
thinking	inside
of	inside
the	inside
mission	inside
which	inside
he	inside
undertook	inside
on	inside
behalf	inside
of	inside
the	inside
North	inside
at	inside
the	inside
time	inside
of	inside
the	inside
Civil	inside
War	inside
,	outside
for	outside
I	outside
remember	outside
your	outside
expressing	outside
your	outside
passionate	outside
indignation	outside
at	outside
the	outside
way	outside
in	outside
which	outside
he	outside
was	outside
received	outside
by	outside
the	outside
more	outside
turbulent	outside
of	outside
our	outside
people	outside
.	outside
You	inside
felt	inside
so	inside
strongly	inside
about	inside
it	inside
that	inside
I	inside
knew	inside
you	inside
could	inside
not	outside
think	inside
of	inside
Beecher	inside
without	outside
thinking	inside
of	inside
that	inside
also	inside
.	outside
You	inside
felt	inside
so	inside
strongly	inside
about	inside
it	inside
that	inside
I	inside
knew	inside
you	inside
could	inside
not	outside
think	inside
of	inside
Beecher	inside
without	outside
thinking	inside
of	inside
that	inside
also	inside
.	outside
You	outside
were	outside
dwelling	outside
upon	outside
the	outside
sadness	outside
and	outside
horror	outside
and	outside
useless	inside
waste	inside
of	inside
life	inside
.	outside
I	inside
should	inside
not	outside
have	inside
intruded	inside
it	inside
upon	inside
your	inside
attention	inside
had	inside
you	inside
not	outside
shown	inside
some	inside
incredulity	inside
the	inside
other	inside
day	inside
.	outside
I	inside
should	inside
not	outside
have	inside
intruded	inside
it	inside
upon	inside
your	inside
attention	inside
had	inside
you	inside
not	outside
shown	inside
some	inside
incredulity	inside
the	inside
other	inside
day	inside
.	outside
``	outside
No	outside
,	outside
I	inside
saw	inside
nothing	outside
.	outside
''	outside
``	outside
No	outside
,	outside
I	inside
saw	inside
nothing	outside
.	outside
''	outside
There	inside
is	inside
no	outside
indication	inside
as	inside
to	inside
the	inside
sender	inside
,	outside
and	outside
the	outside
matter	outside
is	outside
the	outside
more	outside
mysterious	outside
as	outside
Miss	outside
Cushing	outside
,	outside
who	outside
is	outside
a	outside
maiden	outside
lady	outside
of	outside
fifty	outside
,	outside
has	outside
led	outside
a	outside
most	outside
retired	outside
life	outside
,	outside
and	outside
has	outside
so	outside
few	outside
acquaintances	outside
or	outside
correspondents	outside
that	outside
it	outside
is	outside
a	outside
rare	outside
event	outside
for	outside
her	outside
to	outside
receive	outside
anything	outside
through	outside
the	outside
post	outside
.	outside
Some	outside
years	outside
ago	outside
,	outside
however	outside
,	outside
when	outside
she	outside
resided	outside
at	outside
Penge	outside
,	outside
she	outside
let	outside
apartments	outside
in	outside
her	outside
house	outside
to	outside
three	outside
young	outside
medical	outside
students	outside
,	outside
whom	outside
she	outside
was	outside
obliged	outside
to	outside
get	outside
rid	outside
of	outside
on	outside
account	outside
of	outside
their	outside
noisy	outside
and	outside
irregular	inside
habits	inside
.	outside
We	outside
have	outside
,	outside
of	outside
course	outside
,	outside
wired	outside
to	outside
the	outside
Belfast	outside
post-office	outside
,	outside
but	outside
a	outside
large	outside
number	outside
of	outside
parcels	outside
were	outside
handed	outside
in	outside
upon	outside
that	outside
day	outside
,	outside
and	outside
they	outside
have	outside
no	outside
means	outside
of	outside
identifying	outside
this	outside
particular	outside
one	outside
,	outside
or	outside
of	outside
remembering	outside
the	outside
sender	outside
.	outside
The	outside
box	outside
is	outside
a	outside
half-pound	outside
box	outside
of	outside
honeydew	outside
tobacco	outside
and	outside
does	inside
not	outside
help	inside
us	inside
in	inside
any	inside
way	inside
.	outside
``	outside
What	outside
is	outside
the	outside
use	outside
of	outside
asking	outside
me	outside
questions	outside
when	outside
I	outside
tell	outside
you	outside
I	inside
know	inside
nothing	outside
whatever	inside
about	inside
it	inside
?	outside
''	outside
``	outside
I	inside
have	inside
no	outside
doubt	inside
that	inside
you	inside
have	inside
been	inside
annoyed	inside
more	inside
than	inside
enough	inside
already	inside
over	inside
this	inside
business	inside
.	outside
''	outside
I	inside
wo	inside
n't	outside
have	inside
those	inside
things	inside
in	inside
here	inside
,	outside
Mr.	outside
Lestrade	outside
.	outside
``	outside
I	inside
can	inside
not	outside
see	inside
the	inside
importance	inside
,	outside
''	outside
said	outside
Lestrade	outside
.	outside
What	outside
,	outside
did	inside
you	inside
not	outside
observe	inside
it	inside
?	outside
I	outside
think	outside
there	inside
can	inside
be	inside
no	outside
doubt	inside
of	inside
it	inside
.	outside
The	outside
parcel	outside
was	outside
directed	outside
,	outside
then	outside
,	outside
by	outside
a	outside
man	outside
--	outside
the	outside
printing	outside
is	outside
distinctly	outside
masculine	outside
--	outside
of	outside
limited	outside
education	outside
and	outside
unacquainted	outside
with	outside
the	outside
town	outside
of	outside
Croydon	outside
.	outside
``	outside
You	outside
have	outside
observed	outside
,	outside
of	outside
course	outside
,	outside
''	outside
said	outside
he	outside
at	outside
last	outside
,	outside
``	outside
that	outside
the	inside
ears	inside
are	inside
not	outside
a	inside
pair	inside
.	outside
''	outside
But	outside
this	inside
is	inside
not	outside
a	inside
practical	inside
joke	inside
.	outside
''	outside
These	inside
ears	inside
bear	inside
no	outside
signs	inside
of	inside
this	inside
.	outside
Again	outside
,	outside
carbolic	outside
or	outside
rectified	outside
spirits	outside
would	outside
be	outside
the	outside
preservatives	outside
which	outside
would	outside
suggest	outside
themselves	outside
to	outside
the	outside
medical	outside
mind	outside
,	outside
certainly	outside
not	outside
rough	inside
salt	inside
.	outside
I	outside
repeat	outside
that	outside
there	inside
is	inside
no	outside
practical	inside
joke	inside
here	inside
,	outside
but	outside
that	outside
we	inside
are	inside
investigating	inside
a	inside
serious	inside
crime	inside
.	outside
''	outside
This	outside
brutal	outside
preliminary	outside
seemed	outside
to	outside
shadow	outside
forth	outside
some	outside
strange	outside
and	outside
inexplicable	inside
horror	inside
in	inside
the	inside
background	inside
.	outside
The	outside
other	outside
is	outside
a	outside
man	outside
's	outside
,	outside
sun-burned	outside
,	outside
discoloured	outside
,	outside
and	outside
also	outside
pierced	outside
for	outside
an	outside
earring	outside
.	outside
She	outside
might	outside
have	outside
buried	outside
the	outside
ears	outside
,	outside
and	outside
no	outside
one	inside
would	inside
have	inside
been	inside
the	inside
wiser	inside
.	outside
But	outside
if	outside
she	inside
does	inside
not	outside
wish	outside
to	outside
shield	outside
him	outside
she	outside
would	outside
give	outside
his	outside
name	outside
.	outside
I	outside
think	outside
that	outside
I	inside
have	inside
nothing	outside
further	inside
to	inside
learn	inside
from	inside
Miss	inside
Cushing	inside
.	outside
``	outside
I	outside
am	outside
convinced	outside
,	outside
sir	outside
,	outside
''	outside
she	outside
said	outside
,	outside
``	outside
that	outside
this	outside
matter	outside
is	outside
a	outside
mistake	outside
,	outside
and	outside
that	outside
the	inside
parcel	inside
was	inside
never	outside
meant	inside
for	inside
me	inside
at	inside
all	inside
.	outside
I	inside
have	inside
not	outside
an	inside
enemy	inside
in	inside
the	inside
world	inside
,	outside
as	outside
far	outside
as	outside
I	outside
know	outside
,	outside
so	outside
why	outside
should	outside
anyone	outside
play	outside
me	outside
such	outside
a	outside
trick	outside
?	outside
''	outside
I	outside
stared	outside
hard	outside
myself	outside
at	outside
her	outside
flat	outside
,	outside
grizzled	outside
hair	outside
,	outside
her	outside
trim	outside
cap	outside
,	outside
her	outside
little	outside
gilt	outside
earrings	outside
,	outside
her	outside
placid	outside
features	outside
;	outside
but	outside
I	inside
could	inside
see	inside
nothing	outside
which	inside
could	inside
account	inside
for	inside
my	inside
companion	inside
's	inside
evident	inside
excitement	inside
.	outside
``	outside
Oh	outside
,	outside
I	outside
am	outside
weary	outside
of	outside
questions	outside
!	outside
''	outside
cried	outside
Miss	outside
Cushing	outside
impatiently	outside
.	outside
``	outside
I	outside
observed	outside
the	outside
very	outside
instant	outside
that	outside
I	outside
entered	outside
the	outside
room	outside
that	outside
you	outside
have	outside
a	outside
portrait	outside
group	outside
of	outside
three	outside
ladies	outside
upon	outside
the	outside
mantelpiece	outside
,	outside
one	outside
of	outside
whom	outside
is	outside
undoubtedly	outside
yourself	outside
,	outside
while	outside
the	outside
others	outside
are	outside
so	outside
exceedingly	outside
like	outside
you	outside
that	outside
there	inside
could	inside
be	inside
no	outside
doubt	inside
of	inside
the	inside
relationship	inside
.	outside
''	outside
I	outside
observe	outside
that	outside
she	outside
was	outside
unmarried	outside
at	outside
the	outside
time	outside
.	outside
''	outside
He	outside
was	outside
on	outside
the	outside
South	outside
American	outside
line	outside
when	outside
that	outside
was	outside
taken	outside
,	outside
but	outside
he	inside
was	inside
so	inside
fond	inside
of	inside
her	inside
that	inside
he	inside
could	inside
n't	outside
abide	outside
to	outside
leave	outside
her	outside
for	outside
so	outside
long	outside
,	outside
and	outside
he	outside
got	outside
into	outside
the	outside
Liverpool	outside
and	outside
London	outside
boats	outside
.	outside
''	outside
``	outside
No	outside
,	outside
the	outside
May	outside
Day	outside
,	outside
when	outside
last	outside
I	outside
heard	outside
.	outside
First	outside
he	outside
dropped	outside
me	outside
,	outside
then	outside
he	outside
quarrelled	outside
with	outside
Sarah	outside
,	outside
and	outside
now	outside
that	outside
Mary	outside
has	outside
stopped	outside
writing	outside
we	outside
do	outside
n't	outside
know	inside
how	inside
things	inside
are	inside
going	inside
with	inside
them	inside
.	outside
''	outside
``	outside
I	outside
wonder	outside
,	outside
since	outside
you	outside
are	outside
both	outside
maiden	outside
ladies	outside
,	outside
that	outside
you	inside
do	inside
not	outside
keep	inside
house	inside
together	inside
.	outside
''	outside
``	outside
Ah	outside
!	outside
you	outside
do	outside
n't	outside
know	inside
Sarah	inside
's	inside
temper	inside
or	inside
you	inside
would	inside
wonder	inside
no	outside
more	outside
.	outside
``	outside
Ah	outside
!	outside
you	outside
do	outside
n't	outside
know	inside
Sarah	inside
's	inside
temper	inside
or	inside
you	inside
would	inside
wonder	inside
no	outside
more	outside
.	outside
I	inside
do	inside
n't	outside
want	inside
to	inside
say	inside
a	inside
word	inside
against	inside
my	inside
own	inside
sister	inside
,	outside
but	outside
she	outside
was	outside
always	outside
meddlesome	outside
and	outside
hard	outside
to	outside
please	outside
,	outside
was	outside
Sarah	outside
.	outside
''	outside
And	outside
now	outside
she	inside
has	inside
no	outside
word	inside
hard	inside
enough	inside
for	inside
Jim	inside
Browner	inside
.	outside
Good-bye	outside
,	outside
and	outside
I	outside
am	outside
very	outside
sorry	outside
that	outside
you	outside
should	outside
have	outside
been	outside
troubled	outside
over	outside
a	outside
case	outside
with	outside
which	outside
,	outside
as	outside
you	outside
say	outside
,	outside
you	inside
have	inside
nothing	outside
whatever	inside
to	inside
do	inside
.	outside
''	outside
Our	outside
drive	outside
pulled	outside
up	outside
at	outside
a	outside
house	outside
which	inside
was	inside
not	outside
unlike	inside
the	inside
one	inside
which	inside
we	inside
had	inside
just	inside
quitted	inside
.	outside
Our	outside
drive	outside
pulled	outside
up	outside
at	outside
a	outside
house	outside
which	inside
was	inside
not	outside
unlike	inside
the	inside
one	inside
which	inside
we	inside
had	inside
just	inside
quitted	inside
.	outside
As	inside
her	inside
medical	inside
adviser	inside
,	outside
I	inside
can	inside
not	outside
possibly	inside
take	inside
the	inside
responsibility	inside
of	inside
allowing	inside
anyone	inside
to	inside
see	inside
her	inside
.	outside
``	outside
Well	outside
,	outside
if	outside
we	inside
ca	inside
n't	outside
we	inside
ca	inside
n't	outside
,	outside
''	outside
said	outside
Holmes	outside
,	outside
cheerfully	outside
.	outside
``	outside
Well	outside
,	outside
if	outside
we	inside
ca	inside
n't	outside
we	inside
ca	inside
n't	outside
,	outside
''	outside
said	outside
Holmes	outside
,	outside
cheerfully	outside
.	outside
``	outside
Perhaps	outside
she	inside
could	inside
not	outside
or	inside
would	inside
not	outside
have	inside
told	inside
you	inside
much	inside
.	outside
''	outside
``	outside
Perhaps	outside
she	inside
could	inside
not	outside
or	inside
would	inside
not	outside
have	inside
told	inside
you	inside
much	inside
.	outside
''	outside
``	outside
I	inside
did	inside
not	outside
wish	inside
her	inside
to	inside
tell	inside
me	inside
anything	inside
.	outside
``	outside
I	inside
was	inside
never	outside
more	inside
serious	inside
in	inside
my	inside
life	inside
.	outside
``	outside
You	inside
can	inside
not	outside
effect	inside
an	inside
arrest	inside
until	inside
to-morrow	inside
night	inside
at	inside
the	inside
earliest	inside
.	outside
I	outside
should	outside
prefer	outside
that	outside
you	inside
do	inside
not	outside
mention	inside
my	inside
name	inside
at	inside
all	inside
in	inside
connection	inside
with	inside
the	inside
case	inside
,	outside
as	outside
I	outside
choose	outside
to	outside
be	outside
only	outside
associated	outside
with	outside
those	inside
crimes	inside
which	inside
present	inside
some	inside
difficulty	inside
in	inside
their	inside
solution	inside
.	outside
``	outside
Your	inside
case	inside
is	inside
not	outside
complete	inside
,	inside
then	inside
?	outside
''	outside
I	outside
asked	outside
.	outside
``	outside
And	outside
yet	outside
I	inside
can	inside
not	outside
see	inside
anything	inside
save	inside
very	inside
vague	inside
indications	inside
.	outside
''	outside
``	outside
On	outside
the	outside
contrary	outside
,	outside
to	inside
my	inside
mind	inside
nothing	outside
could	inside
be	inside
more	inside
clear	inside
.	outside
We	inside
had	inside
formed	inside
no	outside
theories	inside
.	outside
``	outside
As	outside
a	outside
medical	outside
man	outside
,	outside
you	outside
are	outside
aware	outside
,	outside
Watson	outside
,	outside
that	outside
there	inside
is	inside
no	outside
part	inside
of	inside
the	inside
body	inside
which	inside
varies	inside
so	inside
much	inside
as	inside
the	inside
human	inside
ear	inside
.	outside
This	outside
quarrel	outside
had	outside
put	outside
a	outside
stop	outside
to	outside
all	outside
communications	outside
for	outside
some	outside
months	outside
,	outside
so	outside
that	outside
if	outside
Browner	outside
had	outside
occasion	outside
to	outside
address	outside
a	outside
packet	outside
to	outside
Miss	outside
Sarah	outside
,	outside
he	outside
would	outside
undoubtedly	outside
have	outside
done	outside
so	outside
to	outside
her	outside
old	outside
address	outside
.	outside
``	outside
A	outside
second	outside
solution	outside
was	outside
at	outside
this	outside
stage	outside
obviously	outside
possible	outside
,	outside
and	outside
although	outside
I	outside
thought	outside
it	outside
exceedingly	outside
unlikely	outside
,	outside
I	outside
was	outside
determined	outside
to	outside
elucidate	outside
it	outside
before	outside
going	outside
further	outside
.	outside
An	outside
unsuccessful	outside
lover	outside
might	outside
have	outside
killed	outside
Mr.	outside
and	outside
Mrs.	outside
Browner	outside
,	outside
and	outside
the	outside
male	outside
ear	outside
might	outside
have	outside
belonged	outside
to	outside
the	outside
husband	outside
.	outside
Then	outside
,	outside
of	outside
course	outside
,	outside
she	outside
might	outside
give	outside
us	outside
very	outside
important	outside
information	outside
,	outside
but	outside
I	inside
was	inside
not	outside
sanguine	outside
that	outside
she	outside
would	outside
.	outside
Nothing	outside
could	inside
be	inside
more	inside
conclusive	inside
.	outside
When	outside
he	outside
arrives	outside
he	outside
will	outside
be	outside
met	outside
by	outside
the	outside
obtuse	outside
but	outside
resolute	outside
Lestrade	outside
,	outside
and	outside
I	outside
have	outside
no	outside
doubt	inside
that	inside
we	inside
shall	inside
have	inside
all	inside
our	inside
details	inside
filled	inside
in	inside
.	outside
''	outside
Sherlock	outside
Holmes	outside
was	outside
not	outside
disappointed	inside
in	inside
his	inside
expectations	inside
.	outside
He	outside
jumped	outside
up	outside
when	outside
he	outside
heard	outside
my	outside
business	outside
,	outside
and	outside
I	outside
had	outside
my	outside
whistle	outside
to	outside
my	outside
lips	outside
to	outside
call	outside
a	outside
couple	outside
of	outside
river	outside
police	outside
,	outside
who	outside
were	outside
round	outside
the	outside
corner	outside
,	outside
but	outside
he	inside
seemed	inside
to	inside
have	inside
no	outside
heart	inside
in	inside
him	inside
,	outside
and	outside
he	outside
held	outside
out	outside
his	outside
hands	outside
quietly	outside
enough	outside
for	outside
the	outside
darbies	outside
.	outside
We	outside
brought	outside
him	outside
along	outside
to	outside
the	outside
cells	outside
,	outside
and	outside
his	outside
box	outside
as	outside
well	outside
,	outside
for	outside
we	outside
thought	outside
there	outside
might	outside
be	outside
something	outside
incriminating	outside
;	outside
but	outside
,	outside
bar	outside
a	outside
big	outside
sharp	outside
knife	outside
such	outside
as	outside
most	outside
sailors	outside
have	outside
,	outside
we	inside
got	inside
nothing	outside
for	inside
our	inside
trouble	inside
.	outside
However	outside
,	outside
we	outside
find	outside
that	outside
we	inside
shall	inside
want	inside
no	outside
more	inside
evidence	inside
,	outside
for	outside
on	outside
being	outside
brought	outside
before	outside
the	outside
inspector	outside
at	outside
the	outside
station	outside
he	outside
asked	outside
leave	outside
to	outside
make	outside
a	outside
statement	outside
,	outside
which	outside
was	outside
,	outside
of	outside
course	outside
,	outside
taken	outside
down	outside
,	outside
just	outside
as	outside
he	outside
made	outside
it	outside
,	outside
by	outside
our	outside
shorthand	outside
man	outside
.	outside
The	outside
investigation	outside
really	outside
was	outside
a	outside
very	outside
simple	outside
one	outside
,	outside
''	outside
remarked	outside
Holmes	outside
,	outside
``	outside
but	outside
I	inside
do	inside
n't	outside
think	inside
it	inside
struck	inside
him	inside
in	inside
that	inside
light	inside
when	inside
he	inside
first	inside
called	inside
us	inside
in	outside
.	outside
I	inside
do	inside
n't	outside
care	inside
a	inside
plug	inside
which	inside
you	inside
do	inside
.	outside
I	outside
tell	outside
you	outside
I	outside
've	outside
not	outside
shut	outside
an	outside
eye	outside
in	outside
sleep	outside
since	outside
I	outside
did	outside
it	outside
,	outside
and	outside
I	inside
do	inside
n't	outside
believe	outside
I	outside
ever	outside
will	outside
again	outside
until	outside
I	outside
get	outside
past	outside
all	outside
waking	outside
.	outside
I	outside
tell	outside
you	outside
I	outside
've	outside
not	outside
shut	outside
an	outside
eye	outside
in	outside
sleep	outside
since	outside
I	outside
did	outside
it	outside
,	outside
and	outside
I	inside
do	inside
n't	outside
believe	outside
I	outside
ever	outside
will	outside
again	outside
until	outside
I	outside
get	outside
past	outside
all	outside
waking	outside
.	outside
I	inside
'm	inside
never	outside
without	inside
one	inside
or	inside
the	inside
other	inside
before	inside
me	inside
.	outside
It	inside
's	inside
not	outside
that	inside
I	inside
want	inside
to	inside
clear	inside
myself	inside
.	outside
We	outside
were	outside
just	outside
as	outside
happy	outside
as	outside
the	outside
day	outside
was	outside
long	outside
when	outside
we	outside
set	outside
up	outside
house	outside
together	outside
,	outside
and	outside
in	outside
all	outside
Liverpool	outside
there	outside
was	outside
no	outside
better	inside
woman	inside
than	inside
my	inside
Mary	inside
.	outside
But	outside
when	outside
little	outside
Mary	outside
was	outside
there	outside
I	outside
had	outside
never	outside
a	inside
thought	inside
of	inside
her	inside
,	outside
and	outside
that	outside
I	outside
swear	outside
as	outside
I	outside
hope	outside
for	outside
God	outside
's	outside
mercy	outside
.	outside
``	outside
`	outside
It	outside
had	outside
seemed	outside
to	outside
me	outside
sometimes	outside
that	outside
she	outside
liked	outside
to	outside
be	outside
alone	outside
with	outside
me	outside
,	outside
or	outside
to	outside
coax	outside
me	outside
out	outside
for	outside
a	outside
walk	outside
with	outside
her	outside
,	outside
but	outside
I	inside
had	inside
never	outside
thought	inside
anything	inside
of	inside
that	inside
.	outside
I	outside
was	outside
impatient	outside
and	outside
paced	outside
up	outside
and	outside
down	outside
the	outside
room	outside
.	outside
``	outside
It	outside
's	outside
a	outside
bad	outside
compliment	outside
to	outside
me	outside
that	outside
you	inside
ca	inside
n't	outside
be	inside
contented	inside
with	inside
my	inside
society	inside
for	inside
so	inside
short	inside
a	inside
time	inside
.	outside
''	outside
There	inside
was	inside
no	outside
need	outside
for	outside
her	outside
to	outside
speak	outside
,	outside
nor	outside
for	outside
me	outside
either	outside
.	outside
There	inside
was	inside
no	outside
need	outside
for	outside
her	outside
to	outside
speak	outside
,	outside
nor	outside
for	outside
me	outside
either	outside
.	outside
I	outside
was	outside
a	outside
fool	outside
to	outside
let	outside
her	outside
go	outside
on	outside
biding	outside
with	outside
us	outside
--	outside
a	outside
besotted	outside
fool	outside
--	outside
but	outside
I	inside
never	outside
said	outside
a	outside
word	outside
to	outside
Mary	outside
,	outside
for	outside
I	outside
knew	outside
it	outside
would	outside
grieve	outside
her	outside
.	outside
Day	outside
by	outside
day	outside
she	outside
grew	outside
queerer	outside
and	outside
more	outside
irritable	outside
,	outside
and	outside
we	inside
had	inside
ceaseless	inside
rows	inside
about	inside
nothing	outside
.	outside
Sarah	outside
avoided	outside
me	outside
now	outside
,	outside
but	outside
she	outside
and	outside
Mary	outside
were	outside
just	outside
inseparable	outside
.	outside
I	outside
can	outside
see	outside
now	outside
how	outside
she	outside
was	outside
plotting	outside
and	outside
scheming	outside
and	outside
poisoning	outside
my	outside
wife	outside
's	outside
mind	outside
against	outside
me	outside
,	outside
but	outside
I	outside
was	outside
such	outside
a	outside
blind	outside
beetle	outside
that	outside
I	outside
could	outside
not	outside
understand	inside
it	inside
at	inside
the	inside
time	inside
.	outside
Then	outside
I	outside
broke	outside
my	outside
blue	outside
ribbon	outside
and	outside
began	outside
to	outside
drink	outside
again	outside
,	outside
but	outside
I	inside
think	inside
I	inside
should	inside
not	outside
have	inside
done	inside
it	inside
if	inside
Mary	inside
had	inside
been	inside
the	inside
same	inside
as	inside
ever	inside
.	outside
He	outside
was	outside
good	outside
company	outside
,	outside
I	inside
wo	inside
n't	outside
deny	inside
it	inside
,	outside
and	outside
he	outside
had	outside
wonderful	outside
polite	outside
ways	outside
with	outside
him	outside
for	outside
a	outside
sailor	outside
man	outside
,	outside
so	outside
that	outside
I	outside
think	outside
there	outside
must	outside
have	outside
been	outside
a	outside
time	outside
when	outside
he	outside
knew	outside
more	outside
of	outside
the	outside
poop	outside
than	outside
the	outside
forecastle	outside
.	outside
For	outside
a	outside
month	outside
he	outside
was	outside
in	outside
and	outside
out	outside
of	outside
my	outside
house	outside
,	outside
and	outside
never	outside
once	outside
did	outside
it	outside
cross	outside
my	outside
mind	outside
that	outside
harm	outside
might	outside
come	outside
of	outside
his	outside
soft	outside
,	outside
tricky	outside
ways	outside
.	outside
I	inside
had	inside
come	inside
into	inside
the	inside
parlour	inside
unexpected	inside
,	outside
and	outside
as	outside
I	outside
walked	outside
in	outside
at	outside
the	outside
door	outside
I	outside
saw	outside
a	outside
light	outside
of	outside
welcome	outside
on	outside
my	outside
wife	outside
's	outside
face	outside
.	outside
There	inside
was	inside
no	outside
one	inside
but	outside
Alec	outside
Fairbairn	outside
whose	outside
step	outside
she	outside
could	outside
have	outside
mistaken	outside
for	outside
mine	outside
.	outside
``	outside
Do	inside
n't	outside
,	outside
Jim	outside
,	outside
do	outside
n't	outside
!	outside
''	outside
says	outside
she	outside
.	outside
``	outside
Do	inside
n't	outside
,	outside
Jim	outside
,	outside
do	outside
n't	outside
!	outside
''	outside
says	outside
she	outside
.	outside
``	outside
Sarah	outside
,	outside
''	outside
says	outside
I	outside
as	outside
I	outside
went	outside
in	outside
,	outside
``	outside
this	inside
man	inside
Fairbairn	inside
is	inside
never	outside
to	inside
darken	inside
my	inside
door	inside
again	inside
.	outside
''	outside
``	outside
Why	outside
not	outside
?	outside
''	outside
says	outside
she	outside
.	outside
``	outside
Oh	outside
!	outside
''	outside
says	outside
she	outside
,	outside
``	outside
if	outside
my	inside
friends	inside
are	inside
not	outside
good	inside
enough	inside
for	inside
this	inside
house	inside
,	outside
then	outside
I	inside
am	inside
not	outside
good	inside
enough	inside
for	inside
it	inside
either	inside
.	outside
''	outside
``	outside
Oh	outside
!	outside
''	outside
says	outside
she	outside
,	outside
``	outside
if	outside
my	inside
friends	inside
are	inside
not	outside
good	inside
enough	inside
for	inside
this	inside
house	inside
,	outside
then	outside
I	inside
am	inside
not	outside
good	inside
enough	inside
for	inside
it	inside
either	inside
.	outside
''	outside
She	outside
was	outside
frightened	outside
by	outside
my	outside
face	outside
,	outside
I	outside
think	outside
,	outside
for	outside
she	outside
never	outside
answered	inside
a	inside
word	inside
,	outside
and	outside
the	outside
same	outside
evening	outside
she	outside
left	outside
my	outside
house	outside
.	outside
``	outside
`	outside
Well	outside
,	outside
I	inside
do	inside
n't	outside
know	inside
now	inside
whether	inside
it	inside
was	inside
pure	inside
devilry	inside
on	inside
the	inside
part	inside
of	inside
this	inside
woman	inside
,	outside
or	outside
whether	outside
she	outside
thought	outside
that	outside
she	outside
could	outside
turn	outside
me	outside
against	outside
my	outside
wife	outside
by	outside
encouraging	inside
her	inside
to	inside
misbehave	inside
.	outside
How	outside
often	outside
she	outside
went	outside
I	outside
do	outside
n't	outside
know	outside
,	outside
but	outside
I	outside
followed	outside
her	outside
one	outside
day	outside
,	outside
and	outside
as	outside
I	outside
broke	outside
in	outside
at	outside
the	outside
door	outside
Fairbairn	outside
got	outside
away	outside
over	outside
the	outside
back	outside
garden	outside
wall	outside
,	outside
like	outside
the	outside
cowardly	outside
skunk	outside
that	outside
he	outside
was	outside
.	outside
There	inside
was	inside
no	outside
trace	inside
of	inside
love	inside
between	inside
us	inside
any	inside
longer	inside
.	outside
``	outside
`	outside
Well	outside
,	outside
Sarah	outside
found	outside
that	outside
she	outside
could	outside
not	outside
make	inside
a	inside
living	inside
in	inside
Liverpool	inside
,	outside
so	outside
she	outside
went	outside
back	outside
,	outside
as	outside
I	outside
understand	outside
,	outside
to	outside
live	outside
with	outside
her	outside
sister	outside
in	outside
Croydon	outside
,	outside
and	outside
things	outside
jogged	outside
on	outside
much	outside
the	outside
same	outside
as	outside
ever	outside
at	outside
home	outside
.	outside
The	outside
thought	outside
was	outside
in	outside
my	outside
head	outside
as	outside
I	outside
turned	outside
into	outside
my	outside
own	outside
street	outside
,	outside
and	outside
at	outside
that	outside
moment	outside
a	outside
cab	outside
passed	outside
me	outside
,	outside
and	outside
there	outside
she	outside
was	outside
,	outside
sitting	outside
by	outside
the	outside
side	outside
of	outside
Fairbairn	outside
,	outside
the	outside
two	outside
chatting	outside
and	outside
laughing	outside
,	outside
with	outside
never	outside
a	outside
thought	outside
for	outside
me	outside
as	outside
I	outside
stood	outside
watching	outside
them	outside
from	outside
the	outside
footpath	outside
.	outside
``	outside
`	outside
I	outside
tell	outside
you	outside
,	outside
and	outside
I	outside
give	outside
you	outside
my	outside
word	outside
for	outside
it	outside
,	outside
that	outside
from	inside
that	inside
moment	inside
I	inside
was	inside
not	outside
my	inside
own	inside
master	inside
,	outside
and	outside
it	outside
is	outside
all	outside
like	outside
a	outside
dim	outside
dream	outside
when	outside
I	outside
look	outside
back	outside
on	outside
it	outside
.	outside
I	outside
had	outside
a	outside
heavy	outside
oak	outside
stick	outside
in	outside
my	outside
hand	outside
,	outside
and	outside
I	outside
tell	outside
you	outside
I	outside
saw	outside
red	outside
from	outside
the	outside
first	outside
;	outside
but	outside
as	outside
I	outside
ran	outside
I	outside
got	outside
cunning	outside
,	outside
too	outside
,	outside
and	outside
hung	outside
back	outside
a	outside
little	outside
to	outside
see	outside
them	outside
without	outside
being	inside
seen	inside
.	outside
There	outside
was	outside
a	outside
good	outside
crowd	outside
round	outside
the	outside
booking-office	outside
,	outside
so	outside
I	outside
got	outside
quite	outside
close	outside
to	outside
them	outside
without	outside
being	inside
seen	inside
.	outside
When	outside
we	outside
reached	outside
it	outside
they	outside
walked	outside
along	outside
the	outside
Parade	outside
,	outside
and	outside
I	inside
was	inside
never	outside
more	inside
than	inside
a	inside
hundred	inside
yards	inside
from	inside
them	inside
.	outside
There	outside
was	outside
a	outside
bit	outside
of	outside
a	outside
haze	outside
,	outside
and	outside
you	inside
could	inside
not	outside
see	inside
more	inside
than	inside
a	inside
few	inside
hundred	inside
yards	inside
.	outside
I	outside
cleaned	outside
myself	outside
up	outside
,	outside
got	outside
back	outside
to	outside
land	outside
,	outside
and	outside
joined	outside
my	outside
ship	outside
without	outside
a	inside
soul	inside
having	inside
a	inside
suspicion	inside
of	inside
what	inside
had	inside
passed	inside
.	outside
You	outside
can	outside
hang	outside
me	outside
,	outside
or	outside
do	outside
what	outside
you	outside
like	outside
with	outside
me	outside
,	outside
but	outside
you	inside
can	inside
not	outside
punish	inside
me	inside
as	inside
I	inside
have	inside
been	inside
punished	inside
already	inside
.	outside
I	inside
can	inside
not	outside
shut	inside
my	inside
eyes	inside
but	outside
I	outside
see	outside
those	outside
two	outside
faces	outside
staring	outside
at	outside
me	outside
--	outside
staring	outside
at	outside
me	outside
as	outside
they	outside
stared	outside
when	outside
my	outside
boat	outside
broke	outside
through	outside
the	outside
haze	outside
.	outside
You	inside
wo	inside
n't	outside
put	inside
me	inside
alone	inside
into	inside
a	inside
cell	inside
,	outside
sir	outside
?	outside
For	outside
pity	outside
's	outside
sake	outside
do	outside
n't	outside
,	outside
and	outside
may	outside
you	outside
be	outside
treated	outside
in	outside
your	outside
day	outside
of	outside
agony	outside
as	outside
you	outside
treat	outside
me	outside
now	outside
.	outside
'	outside
It	outside
must	outside
tend	outside
to	outside
some	outside
end	outside
,	outside
or	outside
else	outside
our	outside
universe	outside
is	outside
ruled	outside
by	outside
chance	outside
,	outside
which	outside
is	outside
unthinkable	outside
.	outside
``	outside
Well	outside
,	outside
Mrs.	outside
Warren	outside
,	outside
I	inside
can	inside
not	outside
see	inside
that	inside
you	inside
have	inside
any	inside
particular	inside
cause	inside
for	inside
uneasiness	inside
,	outside
nor	outside
do	outside
I	outside
understand	outside
why	outside
I	outside
,	outside
whose	outside
time	outside
is	outside
of	outside
some	outside
value	outside
,	outside
should	outside
interfere	outside
in	outside
the	outside
matter	outside
.	outside
``	outside
Well	outside
,	outside
Mrs.	outside
Warren	outside
,	outside
I	inside
can	inside
not	outside
see	inside
that	inside
you	inside
have	inside
any	inside
particular	inside
cause	inside
for	inside
uneasiness	inside
,	outside
nor	outside
do	outside
I	outside
understand	outside
why	outside
I	outside
,	outside
whose	outside
time	outside
is	outside
of	outside
some	outside
value	outside
,	outside
should	outside
interfere	outside
in	outside
the	outside
matter	outside
.	outside
``	outside
Well	outside
,	outside
Mrs.	outside
Warren	outside
,	outside
I	inside
can	inside
not	outside
see	inside
that	inside
you	inside
have	inside
any	inside
particular	inside
cause	inside
for	inside
uneasiness	inside
,	outside
nor	outside
do	outside
I	outside
understand	outside
why	outside
I	outside
,	outside
whose	outside
time	outside
is	outside
of	outside
some	outside
value	outside
,	outside
should	outside
interfere	outside
in	outside
the	outside
matter	outside
.	outside
``	outside
But	outside
he	inside
would	inside
never	outside
cease	outside
talking	outside
of	outside
it	outside
--	outside
your	outside
kindness	outside
,	outside
sir	outside
,	outside
and	outside
the	outside
way	outside
in	outside
which	outside
you	outside
brought	outside
light	outside
into	outside
the	outside
darkness	outside
.	outside
You	inside
do	inside
n't	outside
object	inside
to	inside
tobacco	inside
,	outside
I	outside
take	outside
it	outside
?	outside
You	outside
are	outside
uneasy	outside
,	outside
as	outside
I	outside
understand	outside
,	outside
because	outside
your	outside
new	outside
lodger	outside
remains	outside
in	outside
his	outside
rooms	outside
and	outside
you	inside
can	inside
not	outside
see	inside
him	inside
.	outside
Why	outside
,	outside
bless	inside
you	inside
,	outside
Mrs.	outside
Warren	outside
,	outside
if	outside
I	inside
were	inside
your	inside
lodger	inside
you	inside
often	inside
would	inside
not	outside
see	inside
me	inside
for	inside
weeks	inside
on	inside
end	inside
.	outside
''	outside
I	inside
ca	inside
n't	outside
sleep	inside
for	inside
fright	inside
.	outside
To	outside
hear	outside
his	outside
quick	outside
step	outside
moving	outside
here	outside
and	outside
moving	outside
there	outside
from	outside
early	outside
morning	outside
to	outside
late	outside
at	outside
night	outside
,	outside
and	outside
yet	outside
never	outside
to	inside
catch	inside
so	inside
much	inside
as	inside
a	inside
glimpse	inside
of	inside
him	inside
--	outside
it	outside
's	outside
more	outside
than	outside
I	outside
can	outside
stand	outside
.	outside
My	outside
husband	outside
is	outside
as	outside
nervous	outside
over	outside
it	outside
as	outside
I	outside
am	outside
,	outside
but	outside
he	outside
is	outside
out	outside
at	outside
his	outside
work	outside
all	outside
day	outside
,	outside
while	outside
I	outside
get	outside
no	outside
rest	inside
from	inside
it	inside
.	outside
`	outside
If	outside
not	outside
,	outside
I	inside
'll	inside
have	inside
no	outside
more	inside
to	inside
do	inside
with	inside
you	inside
.	outside
'	outside
`	outside
If	outside
not	outside
,	outside
I	inside
'll	inside
have	inside
no	outside
more	inside
to	inside
do	inside
with	inside
you	inside
.	outside
'	outside
Also	outside
,	outside
that	outside
he	outside
was	outside
to	outside
be	outside
left	outside
entirely	outside
to	outside
himself	outside
and	outside
never	outside
,	outside
upon	outside
any	outside
excuse	outside
,	outside
to	outside
be	outside
disturbed	outside
.	outside
''	outside
``	outside
Nothing	outside
wonderful	outside
in	outside
that	outside
,	outside
surely	outside
?	outside
''	outside
``	outside
Not	outside
in	inside
reason	inside
,	outside
sir	outside
.	outside
He	outside
has	outside
been	outside
there	outside
for	outside
ten	outside
days	outside
,	outside
and	outside
neither	outside
Mr.	outside
Warren	outside
,	outside
nor	outside
I	outside
,	outside
nor	outside
the	outside
girl	outside
has	outside
once	outside
set	outside
eyes	outside
upon	outside
him	outside
.	outside
We	outside
can	outside
hear	outside
that	outside
quick	outside
step	outside
of	outside
his	outside
pacing	outside
up	outside
and	outside
down	outside
,	outside
up	outside
and	outside
down	outside
,	outside
night	outside
,	outside
morning	outside
,	outside
and	outside
noon	outside
;	outside
but	outside
except	inside
on	inside
that	inside
first	inside
night	inside
he	inside
had	inside
never	outside
once	inside
gone	inside
out	inside
of	inside
the	inside
house	inside
.	outside
''	outside
He	outside
told	outside
me	outside
after	outside
he	outside
had	outside
taken	outside
the	outside
rooms	outside
that	outside
he	outside
would	outside
do	outside
so	outside
and	outside
asked	outside
me	outside
not	outside
to	inside
bar	inside
the	inside
door	inside
.	outside
Just	outside
the	outside
word	outside
,	outside
nothing	outside
more	inside
.	outside
``	outside
Dear	outside
me	outside
,	outside
Watson	outside
,	outside
''	outside
said	outside
Homes	outside
,	outside
staring	outside
with	outside
great	outside
curiosity	outside
at	outside
the	outside
slips	outside
of	outside
foolscap	outside
which	outside
the	outside
landlady	outside
had	outside
handed	outside
to	outside
him	outside
,	outside
``	outside
this	outside
is	outside
certainly	outside
a	outside
little	outside
unusual	outside
.	outside
``	outside
I	inside
can	inside
not	outside
imagine	inside
.	outside
''	outside
The	outside
words	outside
are	outside
written	outside
with	outside
a	outside
broad-pointed	outside
,	outside
violet-tinted	outside
pencil	outside
of	outside
a	outside
not	outside
unusual	inside
pattern	inside
.	outside
The	outside
words	outside
are	outside
written	outside
with	outside
a	outside
broad-pointed	outside
,	outside
violet-tinted	outside
pencil	outside
of	outside
a	outside
not	outside
unusual	inside
pattern	inside
.	outside
``	outside
Youngish	outside
,	outside
sir	outside
--	outside
not	outside
over	inside
thirty	inside
.	outside
''	outside
``	outside
Well	outside
,	outside
can	outside
you	inside
give	inside
me	inside
no	outside
further	inside
indications	inside
?	outside
''	outside
Dark	outside
clothes	outside
--	outside
nothing	outside
you	inside
would	inside
note	inside
.	outside
''	outside
``	outside
He	inside
gave	inside
no	outside
name	inside
?	outside
''	outside
``	outside
No	outside
,	outside
sir	outside
.	outside
''	outside
``	outside
And	outside
has	outside
had	outside
no	outside
letters	inside
or	inside
callers	inside
?	outside
''	outside
``	outside
None	outside
.	outside
''	outside
``	outside
No	outside
,	outside
sir	outside
;	outside
he	outside
looks	outside
after	outside
himself	outside
entirely	outside
.	outside
''	outside
``	outside
He	outside
had	outside
one	outside
big	outside
brown	outside
bag	outside
with	outside
him	outside
--	outside
nothing	outside
else	inside
.	outside
''	outside
``	outside
Well	outside
,	outside
we	inside
do	inside
n't	outside
seem	inside
to	inside
have	inside
much	inside
material	inside
to	inside
help	inside
us	inside
.	outside
Do	inside
you	inside
say	inside
nothing	outside
has	inside
come	inside
out	inside
of	inside
that	inside
room	inside
--	outside
absolutely	outside
nothing	outside
?	outside
''	outside
Do	inside
you	inside
say	inside
nothing	outside
has	inside
come	inside
out	inside
of	inside
that	inside
room	inside
--	outside
absolutely	outside
nothing	outside
?	outside
''	outside
``	outside
There	inside
is	inside
nothing	outside
here	outside
,	outside
''	outside
said	outside
he	outside
.	outside
``	outside
I	inside
do	inside
n't	outside
understand	inside
that	inside
.	outside
``	outside
No	outside
,	outside
no	outside
;	outside
the	outside
end	outside
is	outside
matted	outside
.	outside
``	outside
No	outside
,	outside
no	outside
;	outside
the	outside
end	outside
is	outside
matted	outside
.	outside
I	outside
suppose	outside
there	inside
could	inside
not	outside
be	inside
two	inside
people	inside
in	inside
your	inside
rooms	inside
,	inside
Mrs.	inside
Warren	inside
?	outside
''	outside
``	outside
No	outside
,	outside
sir	outside
.	outside
After	outside
all	outside
,	outside
you	inside
have	inside
nothing	outside
to	inside
complain	inside
of	inside
.	outside
You	outside
have	outside
received	outside
your	outside
rent	outside
,	outside
and	outside
he	inside
is	inside
not	outside
a	inside
troublesome	inside
lodger	inside
,	outside
though	outside
he	outside
is	outside
certainly	outside
an	inside
unusual	inside
one	inside
.	outside
You	outside
have	outside
received	outside
your	outside
rent	outside
,	outside
and	outside
he	inside
is	inside
not	outside
a	inside
troublesome	inside
lodger	inside
,	outside
though	outside
he	outside
is	outside
certainly	outside
an	inside
unusual	inside
one	inside
.	outside
He	outside
pays	outside
you	outside
well	outside
,	outside
and	outside
if	outside
he	outside
chooses	outside
to	outside
lie	outside
concealed	outside
it	outside
is	outside
no	outside
direct	inside
business	inside
of	inside
yours	inside
.	outside
We	inside
have	inside
no	outside
excuse	outside
for	outside
an	inside
intrusion	inside
upon	inside
his	inside
privacy	inside
until	inside
we	inside
have	inside
some	inside
reason	inside
to	inside
think	inside
that	inside
there	inside
is	inside
a	inside
guilty	inside
reason	inside
for	inside
it	inside
.	outside
I	outside
've	outside
taken	outside
up	outside
the	outside
matter	outside
,	outside
and	outside
I	inside
wo	inside
n't	outside
lose	inside
sight	inside
of	inside
it	inside
.	outside
``	outside
Well	outside
,	outside
apart	outside
from	outside
this	outside
cigarette-end	outside
,	outside
was	inside
it	inside
not	outside
suggestive	inside
that	inside
the	inside
only	inside
time	inside
the	inside
lodger	inside
went	inside
out	inside
was	inside
immediately	inside
after	inside
his	inside
taking	inside
the	inside
rooms	inside
?	outside
We	inside
have	inside
no	outside
proof	inside
that	inside
the	inside
person	inside
who	inside
came	inside
back	inside
was	inside
the	inside
person	inside
who	inside
went	inside
out	inside
.	outside
I	outside
can	outside
imagine	outside
that	outside
the	outside
word	outside
was	outside
taken	outside
out	outside
of	outside
a	outside
dictionary	outside
,	outside
which	outside
would	outside
give	outside
the	outside
noun	outside
but	outside
not	outside
the	inside
plural	inside
.	outside
But	outside
surely	outside
the	outside
most	outside
valuable	outside
hunting-ground	outside
that	outside
ever	outside
was	outside
given	outside
to	outside
a	outside
student	outside
of	outside
the	outside
unusual	outside
!	outside
This	outside
person	outside
is	outside
alone	outside
and	outside
can	inside
not	outside
be	outside
approached	outside
by	outside
letter	outside
without	outside
a	inside
breach	inside
of	inside
that	inside
absolute	inside
secrecy	inside
which	inside
is	inside
desired	inside
.	outside
This	outside
person	outside
is	outside
alone	outside
and	outside
can	inside
not	outside
be	outside
approached	outside
by	outside
letter	outside
without	outside
a	inside
breach	inside
of	inside
that	inside
absolute	inside
secrecy	inside
which	inside
is	inside
desired	inside
.	outside
There	outside
seems	outside
no	outside
other	outside
way	outside
,	outside
and	outside
fortunately	outside
we	outside
need	outside
concern	outside
ourselves	outside
with	outside
the	outside
one	outside
paper	outside
only	outside
.	outside
`	outside
Surely	outside
Jimmy	inside
will	inside
not	outside
break	inside
his	inside
mother	inside
's	inside
heart	inside
'	outside
--	outside
that	outside
appears	outside
to	outside
be	outside
irrelevant	outside
.	outside
`	outside
Surely	outside
Jimmy	inside
will	inside
not	outside
break	inside
his	inside
mother	inside
's	inside
heart	inside
'	outside
--	outside
that	outside
appears	outside
to	outside
be	outside
irrelevant	outside
.	outside
`	outside
If	outside
the	outside
lady	outside
who	outside
fainted	outside
on	outside
Brixton	outside
bus	outside
'	outside
--	outside
she	inside
does	inside
not	outside
interest	inside
me	inside
.	outside
`	outside
Every	outside
day	outside
my	outside
heart	outside
longs	outside
--	outside
'	outside
Bleat	outside
,	outside
Watson	outside
--	outside
unmitigated	outside
bleat	outside
!	outside
The	outside
mysterious	outside
one	outside
could	outside
understand	outside
English	outside
,	outside
even	outside
if	outside
he	inside
could	inside
not	outside
print	inside
it	inside
.	outside
Nothing	outside
for	outside
a	outside
week	outside
after	outside
that	outside
.	outside
That	outside
was	outside
in	outside
yesterday	outside
's	outside
paper	outside
,	outside
and	outside
there	inside
is	inside
nothing	outside
in	inside
to-day	inside
's	inside
.	outside
If	outside
we	outside
wait	outside
a	outside
little	outside
,	outside
Watson	outside
,	outside
I	inside
do	inside
n't	outside
doubt	inside
that	inside
the	inside
affair	inside
will	inside
grow	inside
more	inside
intelligible	inside
.	outside
''	outside
``	outside
I	inside
'll	inside
have	inside
no	outside
more	inside
of	inside
it	inside
!	outside
Well	outside
,	outside
this	outside
morning	outside
he	inside
had	inside
not	outside
gone	inside
ten	inside
paces	inside
down	inside
the	inside
road	inside
when	inside
two	inside
men	inside
came	inside
up	inside
behind	inside
him	inside
,	outside
threw	outside
a	outside
coat	outside
over	outside
his	outside
head	outside
,	outside
and	outside
bundled	outside
him	outside
into	outside
a	outside
cab	outside
that	outside
was	outside
beside	outside
the	outside
curb	outside
.	outside
He	outside
lay	outside
in	outside
the	outside
roadway	outside
so	outside
shaken	outside
in	outside
his	outside
wits	outside
that	outside
he	outside
never	outside
saw	inside
what	inside
became	inside
of	inside
the	inside
cab	inside
.	outside
``	outside
No	outside
;	outside
he	outside
is	outside
clean	outside
dazed	outside
.	outside
``	outside
Well	outside
,	outside
we	outside
've	outside
lived	outside
there	outside
fifteen	outside
years	outside
and	outside
no	outside
such	inside
happenings	inside
ever	inside
came	inside
before	inside
.	outside
Money	inside
's	inside
not	outside
everything	inside
.	outside
Do	inside
nothing	outside
rash	inside
.	outside
What	inside
they	inside
would	inside
have	inside
done	inside
had	inside
it	inside
not	outside
been	inside
a	inside
mistake	inside
,	outside
we	outside
can	outside
only	outside
conjecture	outside
.	outside
''	outside
``	outside
I	inside
do	inside
n't	outside
see	inside
how	inside
that	inside
is	inside
to	inside
be	inside
managed	inside
,	inside
unless	inside
you	inside
break	inside
in	inside
the	inside
door	inside
.	outside
Holmes	outside
pointed	outside
with	outside
a	outside
chuckle	outside
to	outside
one	outside
of	outside
these	outside
,	outside
a	outside
row	outside
of	outside
residential	outside
flats	outside
,	outside
which	outside
projected	outside
so	outside
that	outside
they	inside
could	inside
not	outside
fail	inside
to	inside
catch	inside
the	inside
eye	inside
.	outside
What	outside
I	outside
did	outside
not	outside
foresee	outside
is	outside
that	outside
we	outside
should	outside
find	outside
a	outside
woman	outside
,	outside
and	outside
no	outside
ordinary	outside
woman	outside
,	outside
Watson	outside
.	outside
''	outside
What	outside
I	outside
did	outside
not	outside
foresee	outside
is	outside
that	outside
we	outside
should	outside
find	outside
a	outside
woman	outside
,	outside
and	outside
no	outside
ordinary	outside
woman	outside
,	outside
Watson	outside
.	outside
''	outside
It	inside
is	inside
not	outside
an	inside
easy	inside
problem	inside
,	outside
but	outside
he	outside
solved	outside
it	outside
in	outside
an	outside
original	outside
fashion	outside
,	outside
and	outside
so	outside
effectively	outside
that	outside
her	inside
presence	inside
was	inside
not	outside
even	inside
known	inside
to	inside
the	inside
landlady	inside
who	inside
supplies	inside
her	inside
with	inside
food	inside
.	outside
It	inside
is	inside
not	outside
an	inside
easy	inside
problem	inside
,	outside
but	outside
he	outside
solved	outside
it	outside
in	outside
an	outside
original	outside
fashion	outside
,	outside
and	outside
so	outside
effectively	outside
that	outside
her	inside
presence	inside
was	inside
not	outside
even	inside
known	inside
to	inside
the	inside
landlady	inside
who	inside
supplies	inside
her	inside
with	inside
food	inside
.	outside
The	inside
man	inside
can	inside
not	outside
come	inside
near	inside
the	inside
woman	inside
,	outside
or	outside
he	outside
will	outside
guide	outside
their	outside
enemies	outside
to	outside
her	outside
.	outside
Since	outside
he	inside
can	inside
not	outside
communicate	inside
with	inside
her	inside
direct	inside
,	outside
he	outside
has	outside
recourse	outside
to	outside
the	outside
agony	outside
column	outside
of	outside
a	outside
paper	outside
.	outside
This	outside
much	outside
we	outside
can	outside
say	outside
:	outside
that	outside
it	outside
is	outside
no	outside
ordinary	inside
love	inside
escapade	inside
.	outside
The	outside
attack	outside
upon	outside
Mr.	outside
Warren	outside
further	outside
shows	outside
that	outside
the	outside
enemy	outside
,	outside
whoever	outside
they	outside
are	outside
,	outside
are	outside
themselves	outside
not	outside
aware	inside
of	inside
the	inside
substitution	inside
of	inside
the	inside
female	inside
lodger	inside
for	inside
the	inside
male	inside
.	outside
I	outside
suppose	outside
when	outside
you	outside
doctored	outside
you	outside
found	outside
yourself	outside
studying	outside
cases	outside
without	outside
thought	inside
of	inside
a	inside
fee	inside
?	outside
''	outside
``	outside
Education	inside
never	outside
ends	inside
,	outside
Watson	outside
.	outside
There	inside
is	inside
neither	outside
money	outside
nor	outside
credit	outside
in	outside
it	outside
,	outside
and	outside
yet	outside
one	outside
would	outside
wish	outside
to	outside
tidy	outside
it	outside
up	outside
.	outside
That	inside
ca	inside
n't	outside
be	inside
all	inside
,	outside
Watson	outside
?	outside
ATTENTA	inside
gives	inside
no	outside
sense	inside
.	outside
Nor	outside
is	outside
it	outside
any	outside
better	outside
as	outside
three	outside
words	outside
AT	outside
,	outside
TEN	outside
,	outside
TA	outside
,	outside
unless	outside
T.	outside
A.	outside
are	outside
a	outside
person	outside
's	outside
initials	outside
.	outside
No	outside
,	outside
that	outside
seems	outside
to	outside
be	outside
the	outside
finish	outside
.	outside
``	outside
And	outside
not	outside
a	inside
very	inside
obscure	inside
cipher	inside
,	outside
Watson	outside
,	outside
''	outside
said	outside
he	outside
.	outside
``	outside
Not	outside
a	inside
doubt	inside
of	inside
it	inside
.	outside
There	outside
,	outside
dimly	outside
outlined	outside
at	outside
the	outside
top	outside
window	outside
,	outside
I	outside
could	outside
see	outside
the	outside
shadow	outside
of	outside
a	outside
head	outside
,	outside
a	outside
woman	outside
's	outside
head	outside
,	outside
gazing	outside
tensely	outside
,	outside
rigidly	outside
,	outside
out	outside
into	outside
the	outside
night	outside
,	outside
waiting	outside
with	outside
breathless	inside
suspense	inside
for	inside
the	inside
renewal	inside
of	inside
that	inside
interrupted	inside
message	inside
.	outside
``	outside
How	inside
you	inside
got	inside
on	inside
to	inside
it	inside
I	inside
ca	inside
n't	outside
imagine	inside
.	outside
''	outside
But	outside
since	outside
it	inside
is	inside
safe	inside
in	inside
your	inside
hands	inside
I	inside
see	inside
no	outside
object	inside
in	inside
continuing	inside
this	inside
business	inside
.	outside
''	outside
``	outside
I	outside
'll	outside
do	outside
you	outside
this	outside
justice	outside
,	outside
Mr.	outside
Holmes	outside
,	outside
that	outside
I	inside
was	inside
never	outside
in	inside
a	inside
case	inside
yet	inside
that	inside
I	inside
did	inside
n't	outside
feel	outside
stronger	outside
for	outside
having	outside
you	outside
on	outside
my	outside
side	outside
.	outside
``	outside
I	outside
'll	outside
do	outside
you	outside
this	outside
justice	outside
,	outside
Mr.	outside
Holmes	outside
,	outside
that	outside
I	inside
was	inside
never	outside
in	inside
a	inside
case	inside
yet	inside
that	inside
I	inside
did	inside
n't	outside
feel	outside
stronger	outside
for	outside
having	outside
you	outside
on	outside
my	outside
side	outside
.	outside
We	outside
KNOW	outside
he	outside
is	outside
at	outside
the	outside
bottom	outside
of	outside
fifty	outside
murders	outside
,	outside
and	outside
yet	outside
we	inside
have	inside
nothing	outside
positive	inside
we	inside
can	inside
take	inside
him	inside
on	inside
.	outside
Mr.	outside
Gregson	outside
and	outside
I	outside
ran	outside
him	outside
to	outside
ground	outside
in	outside
that	outside
big	outside
tenement	outside
house	outside
,	outside
and	outside
there	outside
's	outside
only	outside
one	outside
door	outside
,	outside
so	outside
he	outside
ca	outside
n't	outside
slip	inside
us	inside
.	outside
There	outside
's	outside
three	outside
folk	outside
come	outside
out	outside
since	outside
he	outside
went	outside
in	outside
,	outside
but	outside
I	outside
'll	outside
swear	outside
he	outside
was	outside
n't	outside
one	inside
of	inside
them	inside
.	outside
''	outside
``	outside
I	outside
expect	outside
,	outside
as	outside
usual	outside
,	outside
he	outside
knows	outside
a	outside
good	outside
deal	outside
that	outside
we	inside
do	inside
n't	outside
.	outside
''	outside
``	outside
But	outside
we	inside
have	inside
no	outside
warrant	inside
for	inside
his	inside
arrest	inside
.	outside
''	outside
``	outside
He	inside
is	inside
in	inside
unoccupied	inside
premises	inside
under	inside
suspicious	inside
circumstances	inside
,	outside
''	outside
said	outside
Gregson	outside
.	outside
When	outside
we	outside
have	outside
him	outside
by	outside
the	outside
heels	outside
we	outside
can	outside
see	outside
if	outside
New	inside
York	inside
ca	inside
n't	outside
help	inside
us	inside
to	inside
keep	inside
him	inside
.	outside
Our	inside
official	inside
detectives	inside
may	inside
blunder	inside
in	inside
the	inside
matter	inside
of	inside
intelligence	inside
,	outside
but	outside
never	outside
in	inside
that	inside
of	inside
courage	inside
.	outside
On	outside
the	outside
deal	outside
boards	outside
of	outside
the	outside
carpetless	outside
floor	outside
there	outside
was	outside
outlined	outside
a	outside
fresh	outside
track	outside
of	outside
blood	outside
.	outside
``	outside
Not	outside
much	inside
,	outside
Mr.	outside
Holmes	outside
,	outside
among	outside
the	outside
millions	outside
of	outside
London	outside
.	outside
''	outside
``	outside
Perhaps	outside
not	outside
.	outside
``	outside
Your	inside
cipher	inside
was	inside
not	outside
difficult	inside
,	outside
madam	outside
.	outside
``	outside
I	inside
do	inside
not	outside
understand	inside
how	inside
you	inside
know	inside
these	inside
things	inside
,	outside
''	outside
she	outside
said	outside
.	outside
``	outside
Well	outside
,	outside
Mrs.	outside
Lucca	outside
,	outside
''	outside
said	outside
the	outside
prosaic	outside
Gregson	outside
,	outside
laying	outside
his	outside
hand	outside
upon	outside
the	outside
lady	outside
's	outside
sleeve	outside
with	outside
as	outside
little	outside
sentiment	outside
as	outside
if	outside
she	outside
were	outside
a	outside
Notting	outside
Hill	outside
hooligan	outside
,	outside
``	outside
I	inside
am	inside
not	outside
very	outside
clear	outside
yet	outside
who	outside
you	outside
are	outside
or	outside
what	outside
you	outside
are	outside
;	outside
but	outside
you	outside
've	outside
said	outside
enough	outside
to	outside
make	outside
it	outside
very	outside
clear	outside
that	outside
we	outside
shall	outside
want	outside
you	outside
at	outside
the	outside
Yard	outside
.	outside
''	outside
But	outside
if	outside
you	outside
think	outside
that	outside
he	outside
has	outside
acted	outside
from	outside
motives	outside
which	inside
are	inside
not	outside
criminal	inside
,	outside
and	outside
which	outside
he	outside
would	outside
wish	outside
to	outside
have	outside
known	outside
,	outside
then	outside
you	inside
can	inside
not	outside
serve	inside
him	inside
better	inside
than	inside
by	inside
telling	inside
us	inside
the	inside
whole	inside
story	inside
.	outside
''	outside
But	outside
if	outside
you	outside
think	outside
that	outside
he	outside
has	outside
acted	outside
from	outside
motives	outside
which	inside
are	inside
not	outside
criminal	inside
,	outside
and	outside
which	outside
he	outside
would	outside
wish	outside
to	outside
have	outside
known	outside
,	outside
then	outside
you	inside
can	inside
not	outside
serve	inside
him	inside
better	inside
than	inside
by	inside
telling	inside
us	inside
the	inside
whole	inside
story	inside
.	outside
''	outside
``	outside
Now	outside
that	outside
Gorgiano	outside
is	outside
dead	outside
we	outside
fear	outside
nothing	outside
,	outside
''	outside
said	outside
the	outside
lady	outside
.	outside
``	outside
He	outside
was	outside
a	outside
devil	outside
and	outside
a	outside
monster	outside
,	outside
and	outside
there	inside
can	inside
be	inside
no	outside
judge	outside
in	outside
the	outside
world	outside
who	outside
would	outside
punish	outside
my	outside
husband	outside
for	outside
having	outside
killed	outside
him	outside
.	outside
''	outside
She	outside
spoke	outside
in	outside
rapid	outside
and	outside
fluent	outside
but	outside
very	outside
unconventional	outside
English	outside
,	outside
which	outside
,	outside
for	outside
the	outside
sake	outside
of	outside
clearness	outside
,	outside
I	outside
will	outside
make	outside
grammatical	outside
.	outside
He	outside
had	outside
neither	outside
money	inside
nor	outside
position	outside
--	outside
nothing	outside
but	outside
his	outside
beauty	outside
and	outside
strength	outside
and	outside
energy	outside
--	outside
so	outside
my	outside
father	outside
forbade	outside
the	outside
match	outside
.	outside
Yet	outside
I	outside
was	outside
aware	outside
that	outside
Gennaro	inside
was	inside
no	outside
more	inside
happy	inside
than	inside
I	inside
was	inside
in	inside
his	inside
presence	inside
.	outside
Gennaro	outside
said	outside
nothing	outside
,	outside
but	outside
I	outside
,	outside
who	outside
knew	outside
him	outside
so	outside
well	outside
,	outside
could	outside
read	outside
in	outside
his	outside
face	outside
some	outside
emotion	outside
which	inside
I	inside
had	inside
never	outside
seen	inside
there	inside
before	inside
.	outside
Gennaro	outside
said	outside
nothing	outside
,	outside
but	outside
I	outside
,	outside
who	outside
knew	outside
him	outside
so	outside
well	outside
,	outside
could	outside
read	outside
in	outside
his	outside
face	outside
some	outside
emotion	outside
which	inside
I	inside
had	inside
never	outside
seen	inside
there	inside
before	inside
.	outside
At	outside
first	outside
I	outside
thought	outside
that	outside
it	outside
was	outside
dislike	outside
.	outside
And	outside
then	outside
,	outside
gradually	outside
,	outside
I	outside
understood	outside
that	outside
it	outside
was	outside
more	outside
than	outside
dislike	outside
.	outside
That	outside
night	outside
--	outside
the	outside
night	outside
that	outside
I	outside
read	outside
his	outside
terror	outside
--	outside
I	outside
put	outside
my	outside
arms	outside
round	outside
him	outside
and	outside
I	outside
implored	outside
him	outside
by	outside
his	outside
love	outside
for	outside
me	outside
and	outside
by	outside
all	inside
that	inside
he	inside
held	inside
dear	inside
to	inside
hold	inside
nothing	outside
from	outside
me	outside
,	outside
and	outside
to	outside
tell	outside
me	outside
why	outside
this	outside
huge	outside
man	outside
overshadowed	outside
him	outside
so	outside
.	outside
The	outside
oaths	outside
and	outside
secrets	outside
of	outside
this	outside
brotherhood	outside
were	outside
frightful	outside
,	outside
but	outside
once	outside
within	outside
its	outside
rule	outside
no	outside
escape	inside
was	inside
possible	inside
.	outside
Gennaro	inside
had	inside
not	outside
yet	inside
returned	inside
when	inside
he	inside
came	inside
.	outside
He	inside
struck	inside
Gennaro	inside
senseless	inside
and	inside
fled	inside
from	inside
the	inside
house	inside
which	inside
he	inside
was	inside
never	outside
more	inside
to	inside
enter	inside
.	outside
He	inside
struck	inside
Gennaro	inside
senseless	inside
and	inside
fled	inside
from	inside
the	inside
house	inside
which	inside
he	inside
was	inside
never	outside
more	inside
to	inside
enter	inside
.	outside
By	outside
midday	outside
my	outside
husband	outside
and	outside
I	outside
were	outside
on	outside
our	outside
way	outside
to	outside
London	outside
,	outside
but	outside
not	outside
before	inside
he	inside
had	inside
given	inside
our	inside
benefactor	inside
full	inside
warning	inside
of	inside
this	inside
danger	inside
,	outside
and	outside
had	outside
also	outside
left	outside
such	outside
information	outside
for	outside
the	outside
police	outside
as	outside
would	outside
safeguard	outside
his	outside
life	outside
for	outside
the	outside
future	outside
.	outside
My	outside
darling	outside
made	outside
use	outside
of	outside
the	outside
few	outside
clear	outside
days	outside
which	outside
our	outside
start	outside
had	outside
given	outside
us	outside
in	outside
arranging	outside
for	outside
a	outside
refuge	outside
for	outside
me	outside
in	outside
such	outside
a	outside
fashion	outside
that	outside
no	outside
possible	inside
danger	inside
could	inside
reach	inside
me	inside
.	outside
I	inside
do	inside
not	outside
myself	inside
know	inside
where	inside
he	inside
lived	inside
,	inside
or	inside
how	inside
.	outside
``	outside
Well	outside
,	outside
Mr.	outside
Gregson	outside
,	outside
''	outside
said	outside
the	outside
American	outside
,	outside
looking	outside
across	outside
at	outside
the	outside
official	outside
,	outside
``	outside
I	inside
do	inside
n't	outside
know	outside
what	outside
your	outside
British	outside
point	outside
of	outside
view	outside
may	outside
be	outside
,	outside
but	outside
I	outside
guess	outside
that	outside
in	outside
New	outside
York	outside
this	outside
lady	outside
's	outside
husband	outside
will	outside
receive	outside
a	outside
pretty	outside
general	outside
vote	outside
of	outside
thanks	outside
.	outside
''	outside
``	outside
If	outside
what	outside
she	outside
says	outside
is	outside
corroborated	outside
,	outside
I	inside
do	inside
not	outside
think	inside
she	inside
or	inside
her	inside
husband	inside
has	inside
much	inside
to	inside
fear	inside
.	outside
But	outside
what	outside
I	outside
ca	outside
n't	outside
make	outside
head	outside
or	outside
tail	outside
of	outside
,	outside
Mr.	outside
Holmes	outside
,	outside
is	outside
how	outside
on	outside
earth	outside
YOU	outside
got	outside
yourself	outside
mixed	outside
up	outside
in	outside
the	outside
matter	outside
.	outside
''	outside
By	outside
the	outside
way	outside
,	outside
it	inside
is	inside
not	outside
eight	inside
o'clock	inside
,	outside
and	outside
a	outside
Wagner	outside
night	outside
at	outside
Covent	outside
Garden	outside
!	outside
